[{"title":"roses","autor":"rpowoa","image":"https://th.bing.com/th/id/R.9aea14ffe781d0aaf057e55720c68ced?rik=M4kJPVMEfrWLTQ&bur=ImgRaw&r=0","Descripcion":"amor"},{"title":"roses","autor":"rpowoa","image":"https://th.bing.com/th/id/R.9aea14ffe781d0aaf057e55720c68ced?rik=M4kJPVMEfrWLTQ&bur=ImgRaw&r=0","Descripcion":"amor"},{"title":"rojo","autor":"rojo","image":"rojo.com","Descripcion":"colores"},{"title":"rojo","autor":"rojo","image":"https://th.bing.com/th/id/OIP.wvp8QwgojeFrA_AnD-JOYAHaFj?pid=ImgDet&rs=1","Descripcion":"colores"},{"title":"lost tres mosqueteros","autor":"alexander or","image":"https://th.bing.com/th/id/R.90e540fc517b45a7e4df1a7c99221490?rik=%2fAiOkmz0kXXFjw&riu=http%3a%2f%2f2.bp.blogspot.com%2f-j2iLpVwZBrk%2fUz11XP1k9yI%2fAAAAAAAADnA%2fWczyjTWzpg4%2fs1600%2fLos%2btres%2bmosqueteros.jpg&ehk=lmMSqPHWhtq1rL7%2flRoBESE%2fYwZlDDZ0VR88NejLuwk%3d&risl=&pid=ImgRaw&r=0","Descripcion":"historia y cuentos"},{"title":"wertyjk","autor":"dfghjkl","image":"sdfghjklñ","Descripcion":"sdfghjklñ"}]